Distance_(pixels),Gray_Value
0,92
1,93
2,89
3,89
4,89
5,93
6,97
7,93
8,91
9,91
10,92
11,90
12,93
13,92
14,91
15,95
16,95
17,95
18,90
19,94
20,92
21,95
22,91
23,89
24,91
25,90
26,89
27,86
28,85
29,84
30,88
31,85
32,84
33,85
34,86
35,84
36,81
37,81
38,83
39,82
40,86
41,83
42,85
43,85
44,83
45,82
46,84
47,85
48,81
49,81
50,81
51,82
52,82
53,83
54,85
55,82
56,80
57,85
58,80
59,76
60,76
61,73
62,72
63,75
64,69
65,72
66,75
67,72
68,72
69,72
70,71
71,73
72,71
73,75
74,77
75,74
76,73
77,77
78,83
79,85
80,79
81,82
82,79
83,79
84,79
85,77
86,81
87,77
88,80
89,82
90,84
91,87
92,83
93,85
94,84
95,85
96,79
97,79
98,80
99,78
100,81
101,84
102,84
103,82
104,81
105,80
106,81
107,75
108,73
109,70
110,71
111,72
112,74
113,71
114,72
115,73
116,77
117,81
118,76
119,77
120,75
121,73
122,71
123,74
124,76
125,74
126,74
127,75
128,74
129,70
130,72
131,73
132,71
133,75
134,75
135,75
136,73
137,76
138,74
139,73
140,71
141,74
142,71
143,73
144,76
145,77
146,75
147,77
148,72
149,77
150,76
151,76
152,75
153,75
154,72
155,75
156,72
157,76
158,73
159,76
160,76
161,76
162,79
163,81
164,77
165,77
166,71
167,67
168,69
169,69
170,70
171,71
172,70
173,71
174,70
175,66
176,69
177,68
178,70
179,70
180,71
181,74
182,73
183,73
184,68
185,66
186,62
187,72
188,74
189,81
190,79
191,76
192,77
193,75
194,78
195,81
196,81
197,77
198,74
199,78
200,71
201,73
202,75
203,74
204,73
205,69
206,72
207,75
